Metric,Value
Initial mean,-1.6786057379618514e-05
Final mean,2.51893460658169e-06
Initial vol,0.0018810080009486765
Final vol,0.000309018531780016
Drift,1.9304991986200204e-05
Volatility,0.0012811545021790829
Reversion strength,0.015068433942483
